id,project_id,unit_type,booking_price,expected_flip_price,strategy,planned_exit_date
0,0,unclassified,140774.2,2233737.88,hold_and_rent,2024-10-21
1,1,studio,81774.83,862665.39,offplan_flip,2024-04-06
2,2,1 bed,71929.1,1303676.36,offplan_flip,2025-02-12
3,3,4 beds,250021.46,6122117.28,offplan_flip,2023-10-12
4,4,4 beds,776506.31,9358131.95,hold_and_rent,2025-01-08
5,5,6+ beds,1611187.87,43096612.14,offplan_flip,2025-02-23
6,6,4 beds,812123.79,7332801.72,handover_flip,2023-08-01
7,7,5 beds,634253.77,11124161.16,offplan_flip,2024-10-02
8,8,line store,190761.43,3038903.69,offplan_flip,2024-02-23
9,9,studio,55374.31,726567.63,hold_and_rent,2026-03-07
10,10,4 beds,687700.81,7328653.29,offplan_flip,2026-01-24
11,11,1 bed,90392.18,1416787.57,offplan_flip,2025-01-08
12,12,unclassified,114728.4,1615552.79,handover_flip,2024-02-10
13,13,1 bed,160924.97,2940684.8,handover_flip,2026-02-22
14,14,3 beds,448108.46,4764934.9,handover_flip,2023-07-06
15,15,2 beds,129028.98,1389415.15,offplan_flip,2024-09-04
16,16,unclassified,104534.54,2566359.56,handover_flip,2025-04-09
17,17,studio,111197.8,1025840.47,offplan_flip,2024-02-05
18,18,6+ beds,442537.57,6459299.16,handover_flip,2023-10-12
19,19,5 beds,781593.8,8316251.61,offplan_flip,2024-07-23
20,20,3 beds,141824.72,2904250.84,offplan_flip,2024-07-01
21,21,unclassified,85502.16,2203728.16,handover_flip,2025-03-26
22,22,unclassified,682901.98,11840675.14,offplan_flip,2024-10-12
23,23,unclassified,246963.09,3894451.74,hold_and_rent,2023-11-04
24,24,3 beds,267424.2,3056208.33,handover_flip,2024-09-17
25,25,unclassified,646617.24,5912646.11,hold_and_rent,2024-04-25
26,26,unclassified,941432.31,8984042.72,hold_and_rent,2026-03-24
27,27,2 beds,268985.49,3382147.97,handover_flip,2024-01-12
28,28,unclassified,353095.5,7193974.29,hold_and_rent,2023-09-09
29,29,4 beds,353859.6,7991508.53,offplan_flip,2025-05-07
30,30,unclassified,195509.0,2679241.97,offplan_flip,2025-04-21
31,31,1 bed,107627.74,1003742.55,offplan_flip,2024-02-23
32,32,unclassified,132758.87,2185645.84,offplan_flip,2025-07-23
33,33,2 beds,117503.39,2476020.0,handover_flip,2024-10-06
34,34,unclassified,316002.85,7681969.54,hold_and_rent,2024-07-07
35,35,4 beds,576310.34,5434389.55,offplan_flip,2025-07-13
36,36,2 beds,68245.49,1827718.23,handover_flip,2024-01-30
37,37,2 beds,316800.05,3497160.95,hold_and_rent,2025-03-29
38,38,1 bed,86446.38,794587.59,hold_and_rent,2024-09-10
39,39,1 bed,73651.64,1011489.07,hold_and_rent,2023-12-22
40,40,1 bed,143125.86,1371115.76,hold_and_rent,2025-03-06
41,41,1 bed,84076.49,1179734.53,offplan_flip,2025-10-15
42,42,3 beds,275733.99,4186405.82,handover_flip,2025-04-01
43,43,4 beds,320030.95,3407962.11,hold_and_rent,2025-01-20
44,44,2 beds,319058.93,2916523.58,offplan_flip,2025-05-31
45,45,1 bed,76334.01,1636479.39,handover_flip,2024-08-25
46,46,2 beds,126078.5,1290319.3,offplan_flip,2024-07-31
47,47,unclassified,1016773.74,10187591.19,handover_flip,2024-08-13
48,48,unclassified,28257.8,347273.63,handover_flip,2023-09-05
49,49,3 beds,169244.44,3791184.93,offplan_flip,2026-01-30
50,50,unclassified,116914.42,2880025.73,hold_and_rent,2025-05-17
51,51,unclassified,48861.36,766285.6,offplan_flip,2026-05-01
52,52,2 beds,126680.98,1091090.75,handover_flip,2024-08-08
53,53,5 beds,383018.12,5632995.47,hold_and_rent,2024-10-11
54,54,unclassified,269655.32,4326206.42,offplan_flip,2025-03-27
55,55,2 beds,122411.48,1844973.25,offplan_flip,2025-03-08
56,56,3 beds,271642.55,2568857.18,hold_and_rent,2025-01-24
57,57,1 bed,191839.92,2315248.55,hold_and_rent,2025-03-25
58,58,unclassified,312881.3,2871942.04,hold_and_rent,2025-09-10
59,59,studio,61968.88,571751.82,hold_and_rent,2024-08-11
60,60,studio,130482.53,1371274.78,handover_flip,2025-02-08
61,61,1 bed,100614.43,1448340.97,offplan_flip,2024-12-02
62,62,1 bed,114354.25,1974321.18,handover_flip,2024-09-30
63,63,3 beds,498894.95,5167489.35,offplan_flip,2024-10-19
64,64,unclassified,506952.13,12776868.26,offplan_flip,2026-04-02
65,65,unclassified,201830.42,2652159.3,offplan_flip,2025-05-26
66,66,4 beds,214225.47,4266099.51,handover_flip,2026-03-01
67,67,1 bed,103889.5,886176.53,offplan_flip,2024-07-28
68,68,unclassified,387140.44,5037868.01,handover_flip,2024-10-21
69,69,4 beds,219448.28,3539474.57,hold_and_rent,2024-03-13
70,70,3 beds,526452.51,4366367.54,hold_and_rent,2023-07-11
71,71,unclassified,598349.1,7351317.46,hold_and_rent,2023-10-25
72,72,unclassified,47090.43,695533.04,hold_and_rent,2025-12-30
73,73,3 beds,227460.69,2615123.0,handover_flip,2024-06-12
74,74,unclassified,17647.32,390291.72,offplan_flip,2025-04-25
75,75,unclassified,260529.19,2238297.37,handover_flip,2023-12-08
76,76,unclassified,2321621.54,45805074.84,handover_flip,2024-07-02
77,77,studio,57940.37,472100.39,hold_and_rent,2025-03-25
78,78,1 bed,97287.25,1112536.07,hold_and_rent,2024-12-28
79,79,1 bed,88516.51,1598464.9,hold_and_rent,2023-10-16
80,80,2 beds,114340.23,1723538.55,hold_and_rent,2024-04-30
81,81,unclassified,1360235.65,15407324.05,hold_and_rent,2024-11-30
82,82,unclassified,53362.2,1228378.36,hold_and_rent,2024-01-19
83,83,2 beds,97672.83,1423989.26,offplan_flip,2025-07-16
84,84,unclassified,108155.03,2595446.47,offplan_flip,2025-01-02
85,85,unclassified,765416.84,7501955.22,hold_and_rent,2023-06-30
86,86,1 bed,156672.01,1867853.87,hold_and_rent,2025-05-26
87,87,2 beds,240486.29,2506542.38,handover_flip,2023-07-19
88,88,3 beds,297734.43,3116709.59,offplan_flip,2024-07-05
89,89,unclassified,45984.12,379073.92,handover_flip,2024-03-01
90,90,unclassified,26064.39,365172.83,offplan_flip,2024-03-02
91,91,studio,154465.28,1484632.83,hold_and_rent,2024-09-17
92,92,1 bed,108661.54,1885230.88,offplan_flip,2024-11-08
93,93,3 beds,292317.95,2860105.41,offplan_flip,2025-12-26
94,94,1 bed,138333.56,1626257.14,offplan_flip,2024-11-07
95,95,3 beds,169034.29,3916766.23,hold_and_rent,2024-10-28
96,96,unclassified,399119.15,3728584.79,hold_and_rent,2024-12-15
97,97,unclassified,192976.85,2845795.51,handover_flip,2024-12-21
98,98,unclassified,612977.84,6871387.82,hold_and_rent,2024-09-05
99,99,unclassified,693543.21,6724844.43,offplan_flip,2025-01-02
100,100,2 beds,142753.96,1463793.74,hold_and_rent,2025-06-05
101,101,unclassified,92628.02,1924493.97,offplan_flip,2024-05-14
102,102,1 bed,165964.36,1728448.89,handover_flip,2026-05-17
103,103,2 beds,49922.14,1092176.62,hold_and_rent,2025-07-16
104,104,unclassified,1767.72,41657.07,handover_flip,2024-12-10
105,105,3 beds,340838.48,4299664.85,handover_flip,2024-10-30
106,106,2 beds,299509.93,3135775.05,offplan_flip,2025-02-14
107,107,5 beds,342440.63,3416307.17,offplan_flip,2025-06-10
108,108,unclassified,132063.95,2138596.56,offplan_flip,2026-02-21
109,109,1 bed,172444.93,2043458.78,hold_and_rent,2024-02-20
110,110,unclassified,277827.09,3100985.16,hold_and_rent,2024-02-10
111,111,studio,40106.77,839007.46,offplan_flip,2024-09-09
112,112,1 bed,70398.62,1114117.62,hold_and_rent,2025-04-06
113,113,1 bed,190018.36,1610274.02,offplan_flip,2025-02-18
114,114,2 beds,250568.38,2354012.38,offplan_flip,2024-07-31
115,115,2 beds,291332.54,2870233.36,handover_flip,2023-09-10
116,116,2 beds,311161.54,3678591.12,hold_and_rent,2024-02-28
117,117,1 bed,98677.64,1888573.67,handover_flip,2024-11-08
118,118,unclassified,624617.89,9248631.93,offplan_flip,2025-01-02
119,119,unclassified,2764431.68,28822163.87,offplan_flip,2025-10-26
120,120,unclassified,2304733.73,22215714.31,offplan_flip,2025-10-26
121,121,unclassified,1202634.73,10561587.24,handover_flip,2025-01-09
122,122,unclassified,30927.4,829247.78,offplan_flip,2023-10-07
123,123,3 beds,354238.97,5311246.95,hold_and_rent,2024-09-13
124,124,studio,183630.74,1710382.77,handover_flip,2025-09-05
125,125,unclassified,79444.89,1246274.43,handover_flip,2025-10-20
126,126,unclassified,86472.75,786707.52,hold_and_rent,2023-08-24
127,127,unclassified,113813.77,2191640.54,hold_and_rent,2023-10-08
128,128,unclassified,172338.57,1588808.94,offplan_flip,2024-08-15
129,129,unclassified,2354134.57,25834470.72,hold_and_rent,2024-06-11
130,130,1 bed,117075.76,1467389.14,offplan_flip,2025-03-10
131,131,2 beds,152340.0,3045406.14,offplan_flip,2024-01-10
132,132,unclassified,454533.11,4406134.11,hold_and_rent,2024-10-01
133,133,unclassified,957612.59,10604968.17,offplan_flip,2025-09-04
134,134,1 bed,85949.12,1223397.96,offplan_flip,2024-04-10
135,135,2 beds,289665.39,2992151.13,handover_flip,2024-03-11
136,136,1 bed,208051.59,2097618.5,offplan_flip,2024-09-25
137,137,unclassified,1972117.68,24869891.94,hold_and_rent,2023-10-08
138,138,unclassified,1090567.95,11024924.25,offplan_flip,2025-01-03
139,139,unclassified,480786.75,5395792.67,offplan_flip,2023-10-03
140,140,unclassified,208500.8,1851748.18,offplan_flip,2023-12-17
141,141,unclassified,437791.48,5867477.42,handover_flip,2025-11-08
142,142,unclassified,107828.01,1158985.57,handover_flip,2024-02-03
143,143,2 beds,149667.69,1992774.8,handover_flip,2023-08-29
144,144,unclassified,78654.13,1297708.32,offplan_flip,2024-07-22
145,145,unclassified,318300.15,6956022.28,offplan_flip,2024-08-02
146,146,unclassified,105808.04,992038.13,handover_flip,2024-10-07
147,147,1 bed,59135.76,1207649.52,handover_flip,2025-09-05
148,148,1 bed,108000.25,1023843.55,hold_and_rent,2025-01-19
149,149,unclassified,823494.19,8590233.18,hold_and_rent,2024-11-09
150,150,unclassified,385884.81,8973071.56,offplan_flip,2025-01-09
151,151,3 beds,240979.88,3032079.11,handover_flip,2025-02-06
152,152,3 beds,303396.3,3449361.49,offplan_flip,2026-02-12
153,153,4 beds,372128.54,4506474.36,hold_and_rent,2025-01-05
154,154,studio,79616.26,748536.11,offplan_flip,2024-05-16
155,155,studio,50610.56,630422.0,offplan_flip,2024-08-19
156,156,studio,27901.38,738580.64,hold_and_rent,2024-10-30
157,157,6+ beds,5452375.75,54034564.0,hold_and_rent,2025-12-24
158,158,unclassified,36358.12,477329.43,offplan_flip,2023-08-27
159,159,4 beds,177238.0,3273913.96,hold_and_rent,2023-09-20
160,160,unclassified,293783.47,3720217.15,offplan_flip,2024-09-07
161,161,unclassified,232039.48,2439966.95,hold_and_rent,2023-09-07
162,162,unclassified,1095513.56,10048590.95,hold_and_rent,2025-02-24
163,163,1 bed,145289.99,1795437.8,handover_flip,2024-10-29
164,164,1 bed,93050.51,1226304.46,hold_and_rent,2024-03-08
165,165,unclassified,112817.31,1765412.06,hold_and_rent,2024-08-08
166,166,3 beds,133992.71,3071186.68,hold_and_rent,2024-09-20
167,167,5 beds,240241.16,5104801.68,handover_flip,2024-12-16
168,168,unclassified,881049.38,8618444.02,handover_flip,2025-03-23
169,169,3 beds,268871.98,3241505.57,offplan_flip,2025-05-16
170,170,unclassified,575137.21,7356534.07,offplan_flip,2024-03-27
171,171,4 beds,151470.42,2831541.55,handover_flip,2024-11-10
172,172,unclassified,682863.6,9910115.19,hold_and_rent,2024-05-02
173,173,studio,43133.56,441303.88,handover_flip,2024-05-18
174,174,unclassified,441679.37,6597648.14,offplan_flip,2023-07-09
175,175,studio,62684.68,852422.39,handover_flip,2026-03-27
176,176,6+ beds,422227.96,4339033.26,hold_and_rent,2023-10-10
177,177,unclassified,2852.84,65530.24,offplan_flip,2024-12-31
178,178,line store,63181.36,1555732.67,offplan_flip,2024-11-29
179,179,2 beds,438922.7,3943176.96,handover_flip,2023-11-12
180,180,2 beds,328622.87,4850041.6,handover_flip,2023-09-08
181,181,2 beds,110883.37,1488551.04,offplan_flip,2024-07-12
182,182,unclassified,2006519.01,17351637.18,handover_flip,2023-12-08
183,183,unclassified,1200197.09,11305003.57,handover_flip,2025-01-06
184,184,unclassified,34789.56,583670.16,hold_and_rent,2025-05-04
185,185,4 beds,201260.63,3867760.78,hold_and_rent,2025-04-29
186,186,unclassified,59444.3,1320751.69,hold_and_rent,2024-07-07
187,187,4 beds,539448.84,11614094.98,hold_and_rent,2026-01-17
188,188,unclassified,636126.02,5467019.06,handover_flip,2026-05-09
189,189,unclassified,942468.25,8750672.18,offplan_flip,2023-11-14
190,190,unclassified,103480.79,2216684.5,handover_flip,2023-10-26
191,191,unclassified,169341.43,2054052.01,offplan_flip,2026-01-16
192,192,3 beds,384724.63,4207960.77,offplan_flip,2025-04-03
193,193,studio,44184.95,674813.34,handover_flip,2025-01-30
194,194,unclassified,447106.11,4832481.03,hold_and_rent,2025-06-15
195,195,unclassified,626012.16,5263248.56,offplan_flip,2025-06-02
196,196,unclassified,40984.85,631728.52,hold_and_rent,2024-03-26
197,197,unclassified,127381.74,2094774.34,hold_and_rent,2025-11-11
198,198,unclassified,129049.86,1194392.05,handover_flip,2023-08-21
199,199,unclassified,281445.99,3011930.37,offplan_flip,2025-04-09
200,200,unclassified,437867.93,9987133.53,handover_flip,2024-04-08
201,201,1 bed,125656.55,1695767.96,offplan_flip,2024-07-02
202,202,unclassified,23781.44,398425.43,handover_flip,2023-11-10
203,203,unclassified,177840.34,2305418.83,hold_and_rent,2024-03-24
204,204,unclassified,1076522.59,8983813.99,offplan_flip,2025-09-24
205,205,unclassified,607111.41,10281489.79,hold_and_rent,2024-09-09
206,206,unclassified,870364.29,7760156.83,hold_and_rent,2023-07-09
207,207,unclassified,4078009.48,45473873.04,offplan_flip,2024-09-14
208,208,unclassified,2379632.32,36964984.09,hold_and_rent,2023-11-29
209,209,unclassified,539358.49,6155230.71,hold_and_rent,2023-08-05
210,210,4 beds,917021.12,9566572.2,handover_flip,2026-02-15
211,211,unclassified,4025079.84,86710236.7,hold_and_rent,2024-11-27
212,212,medium (50 to 500 sqm),146359.17,3379378.33,handover_flip,2024-11-06
213,213,1 bed,99802.23,1454241.61,offplan_flip,2025-05-10
214,214,3 beds,297820.25,4127433.64,handover_flip,2023-08-09
215,215,3 beds,144993.98,3022538.21,handover_flip,2025-01-30
216,216,2 beds,303592.96,3190852.93,hold_and_rent,2024-03-11
217,217,2 beds,140854.06,3195746.96,hold_and_rent,2024-10-12
218,218,1 bed,95206.82,2253104.9,handover_flip,2025-01-23
219,219,unclassified,955343.84,9269070.59,handover_flip,2026-03-26
220,220,unclassified,219314.14,5237474.6,hold_and_rent,2024-12-04
221,221,unclassified,26228.12,372798.16,offplan_flip,2023-12-13
222,222,unclassified,115526.36,1220394.69,offplan_flip,2025-08-25
223,223,2 beds,871287.0,7847115.58,offplan_flip,2023-12-30
224,224,unclassified,878231.17,11735096.48,hold_and_rent,2025-06-04
225,225,unclassified,587487.58,5932164.89,handover_flip,2025-03-10
226,226,2 beds,101664.42,1514247.46,handover_flip,2024-12-09
227,227,unclassified,183359.24,3819468.83,hold_and_rent,2024-10-17
228,228,unclassified,96543.26,2392400.22,handover_flip,2024-08-07
229,229,unclassified,66756.39,1415645.37,handover_flip,2025-02-11
230,230,unclassified,37051.57,787381.55,offplan_flip,2024-10-13
231,231,1 bed,143295.16,1490218.52,handover_flip,2025-05-07
232,232,unclassified,731086.27,6218588.22,offplan_flip,2024-02-13
233,233,unclassified,39285.6,683574.89,offplan_flip,2024-01-13
234,234,unclassified,2532585.43,48678197.22,handover_flip,2025-05-31
235,235,5 beds,433802.16,11794417.54,handover_flip,2023-09-09
236,236,1 bed,49205.07,1243612.13,handover_flip,2025-06-23
237,237,unclassified,210678.73,2866394.46,hold_and_rent,2025-12-02
238,238,1 bed,51641.69,1159617.21,handover_flip,2025-12-30
239,239,6+ beds,404058.2,3522129.77,handover_flip,2024-07-27
240,240,2 beds,214068.25,2509414.35,offplan_flip,2025-03-23
241,241,1 bed,117408.55,1607474.11,offplan_flip,2025-02-13
242,242,unclassified,128708.11,1632468.64,handover_flip,2024-08-07
243,243,unclassified,190906.23,4270842.79,offplan_flip,2026-03-01
244,244,unclassified,129811.83,1228446.52,handover_flip,2025-06-17
245,245,6+ beds,391819.27,5350635.91,hold_and_rent,2024-05-16
246,246,5 beds,917367.24,14125842.03,handover_flip,2025-03-11
247,247,unclassified,337294.44,4334183.2,hold_and_rent,2024-10-25
248,248,unclassified,167316.5,1805605.57,handover_flip,2024-01-10
249,249,unclassified,2150404.83,20368720.93,handover_flip,2023-08-14
250,250,unclassified,71889.7,770414.45,hold_and_rent,2024-09-18
251,251,4 beds,226667.73,3789656.51,offplan_flip,2025-12-13
252,252,unclassified,390961.29,3929158.97,hold_and_rent,2025-05-16
253,253,unclassified,101586.76,976056.7,offplan_flip,2025-07-06
254,254,4 beds,220369.59,2023773.41,handover_flip,2024-09-08
255,255,1 bed,226881.28,2556425.99,hold_and_rent,2025-06-02
256,256,unclassified,429818.55,4099547.92,hold_and_rent,2025-05-16
257,257,unclassified,983833.32,20870405.82,hold_and_rent,2023-11-04
258,258,unclassified,219115.84,3381595.83,hold_and_rent,2025-05-02
259,259,unclassified,74363.81,593802.11,hold_and_rent,2025-05-11
260,260,unclassified,10941.31,124522.27,hold_and_rent,2025-08-21
261,261,unclassified,712908.48,6598569.19,handover_flip,2024-08-15
262,262,3 beds,667826.02,6323194.72,hold_and_rent,2025-04-27
263,263,unclassified,340770.26,4538360.34,hold_and_rent,2024-11-06
264,264,3 beds,64483.92,1583403.31,offplan_flip,2024-09-02
265,265,5 beds,1188132.3,12668901.5,hold_and_rent,2024-07-22
266,266,5 beds,963207.22,8294846.37,hold_and_rent,2024-12-24
267,267,2 beds,249633.15,2726893.36,hold_and_rent,2026-02-01
268,268,unclassified,242936.53,2181306.65,handover_flip,2024-08-18
269,269,3 beds,382118.74,4752805.21,hold_and_rent,2024-06-29
270,270,unclassified,160672.64,1438205.74,handover_flip,2024-04-18
271,271,unclassified,87437.14,1581510.21,offplan_flip,2024-09-12
272,272,unclassified,44725.13,495816.27,hold_and_rent,2025-03-12
273,273,unclassified,368134.56,7907359.79,hold_and_rent,2024-05-24
274,274,1 bed,127538.46,1678849.5,handover_flip,2024-09-24
275,275,2 beds,324850.46,4340342.66,handover_flip,2024-02-03
276,276,unclassified,210381.37,2580468.99,hold_and_rent,2024-10-26
277,277,2 beds,364813.2,3314807.4,hold_and_rent,2023-12-20
278,278,2 beds,129085.5,2356050.38,hold_and_rent,2023-09-24
279,279,unclassified,200821.96,2088123.82,handover_flip,2025-12-08
280,280,unclassified,192652.76,1925185.66,hold_and_rent,2026-04-08
281,281,3 beds,143183.58,2595681.37,hold_and_rent,2025-06-07
282,282,unclassified,1776260.73,27094938.39,offplan_flip,2024-02-25
283,283,5 beds,740562.56,10452760.46,hold_and_rent,2024-05-12
284,284,unclassified,63187.14,556678.74,offplan_flip,2024-01-19
285,285,unclassified,1825181.08,24226438.56,offplan_flip,2024-07-24
286,286,unclassified,511029.39,7441473.55,offplan_flip,2024-03-06
287,287,6+ beds,252037.29,2566653.29,handover_flip,2023-09-12
288,288,unclassified,485305.11,10362351.8,handover_flip,2025-08-27
289,289,unclassified,148817.44,1821841.65,hold_and_rent,2025-02-08
290,290,4 beds,388449.98,5649782.98,offplan_flip,2024-07-27
291,291,unclassified,1944538.85,24138561.01,handover_flip,2025-08-12
292,292,unclassified,124674.09,1331040.05,offplan_flip,2024-11-27
293,293,unclassified,115172.67,2364439.86,hold_and_rent,2023-07-05
294,294,unclassified,188413.75,3563927.02,offplan_flip,2024-09-07
295,295,unclassified,229977.78,4716787.27,offplan_flip,2024-12-26
296,296,unclassified,12955.72,234919.2,hold_and_rent,2024-12-11
297,297,2 beds,327415.16,2973413.83,handover_flip,2024-08-19
298,298,unclassified,128431.35,1312387.96,hold_and_rent,2024-03-11
299,299,unclassified,8179314.38,137078309.74,offplan_flip,2024-10-09
300,300,1 bed,63548.83,1158665.21,offplan_flip,2025-10-17
301,301,unclassified,2031031.45,35165269.0,hold_and_rent,2024-12-24
302,302,2 beds,52754.05,1075415.49,hold_and_rent,2024-05-19
303,303,unclassified,165988.42,2916508.54,handover_flip,2025-03-18
304,304,unclassified,15051.26,198389.81,hold_and_rent,2025-11-27
305,305,unclassified,215724.86,5399410.4,handover_flip,2025-01-11
306,306,unclassified,22558.01,234087.95,handover_flip,2023-12-09
307,307,unclassified,302187.3,3036479.82,hold_and_rent,2024-10-28
308,308,unclassified,280538.98,6096097.06,handover_flip,2024-03-21
309,309,unclassified,293895.29,3008396.08,offplan_flip,2024-04-08
310,310,unclassified,410712.61,7214023.99,hold_and_rent,2025-11-07
311,311,unclassified,113161.37,1652469.97,hold_and_rent,2025-02-28
312,312,unclassified,1062342.03,11801169.89,handover_flip,2025-09-22
313,313,unclassified,62564.76,868964.03,offplan_flip,2025-04-17
314,314,2 beds,77389.72,1749303.52,offplan_flip,2024-04-03
315,315,unclassified,121334.96,1373801.71,handover_flip,2024-05-22
316,316,unclassified,607006.47,7698170.23,hold_and_rent,2024-09-19
317,317,unclassified,163936.44,3407003.35,offplan_flip,2024-11-30
318,318,unclassified,309785.18,3631852.88,offplan_flip,2024-07-26
319,319,unclassified,9230.92,149318.52,hold_and_rent,2024-12-02
320,320,unclassified,104014.24,2461039.58,hold_and_rent,2025-02-03
321,321,unclassified,569158.41,9854994.7,offplan_flip,2024-08-27
322,322,unclassified,74371.46,1647158.18,handover_flip,2024-06-02
323,323,unclassified,273398.11,3299438.95,hold_and_rent,2024-10-19
324,324,unclassified,315846.95,3122795.85,handover_flip,2024-08-31
325,325,unclassified,205422.1,4494968.22,offplan_flip,2025-09-02
326,326,unclassified,10868.41,133635.99,handover_flip,2026-02-17
327,327,unclassified,279497.86,3545685.23,hold_and_rent,2024-07-19
328,328,3 beds,352699.16,5583467.58,hold_and_rent,2024-07-23
329,329,unclassified,1632932.07,18420897.71,handover_flip,2024-07-05
330,330,unclassified,59926.77,977640.17,handover_flip,2025-04-30
331,331,3 beds,342790.19,3748850.76,handover_flip,2024-09-01
332,332,2 beds,154356.96,3047766.17,hold_and_rent,2025-01-09
333,333,unclassified,522170.41,8331192.4,hold_and_rent,2024-02-10
334,334,unclassified,17164.18,305318.45,handover_flip,2024-02-09
335,335,unclassified,148142.19,3023220.98,handover_flip,2025-09-18
336,336,4 beds,208884.15,4612060.25,handover_flip,2024-07-28
337,337,unclassified,45519.84,697797.33,handover_flip,2024-06-08
338,338,1 bed,70384.47,1436883.48,hold_and_rent,2024-08-17
339,339,unclassified,521662.0,4850637.57,hold_and_rent,2023-12-16
340,340,unclassified,250243.69,2307503.84,handover_flip,2023-11-07
341,341,unclassified,26835.5,526864.32,hold_and_rent,2024-12-27
342,342,3 beds,611101.12,5511677.1,offplan_flip,2024-08-06
343,343,3 beds,728696.63,8295964.46,hold_and_rent,2025-01-27
344,344,unclassified,380847.88,3590282.81,hold_and_rent,2023-07-27
345,345,unclassified,312998.11,4774164.62,offplan_flip,2025-09-10
346,346,unclassified,22013482.18,264482935.6,offplan_flip,2025-10-14
347,347,unclassified,109442.55,2318759.79,offplan_flip,2023-08-20
348,348,unclassified,9069251.36,148960598.87,handover_flip,2024-07-22
349,349,unclassified,238842.39,4636540.34,handover_flip,2025-01-31
350,350,unclassified,134236.63,1511842.65,handover_flip,2024-05-29
351,351,unclassified,184052.94,2603928.07,handover_flip,2025-07-22
352,352,6+ beds,270419.99,6707952.28,handover_flip,2025-09-03
353,353,unclassified,607555.02,9992038.1,handover_flip,2024-09-20
354,354,6+ beds,452784.39,7922254.08,handover_flip,2024-07-18
355,355,unclassified,365466.08,3766838.09,hold_and_rent,2025-01-02
356,356,unclassified,14573.64,187944.03,offplan_flip,2024-06-22
357,357,unclassified,118841.56,1935335.2,offplan_flip,2026-04-25
358,358,unclassified,558860.15,5843278.26,offplan_flip,2024-08-09
359,359,unclassified,149831.33,3198520.49,offplan_flip,2025-03-09
360,360,unclassified,575336.18,4781233.07,offplan_flip,2023-07-20
361,361,unclassified,1359591.04,32046723.9,hold_and_rent,2024-12-02
362,362,unclassified,271304.46,3435154.42,offplan_flip,2024-11-05
363,363,2 beds,164421.5,3466459.25,handover_flip,2026-05-15
364,364,unclassified,385895.03,6550026.92,offplan_flip,2026-01-27
365,365,unclassified,531412.64,10829149.44,offplan_flip,2024-10-18
366,366,2 beds,167089.28,1836618.95,hold_and_rent,2025-03-18
367,367,5 beds,648807.61,10344443.6,handover_flip,2024-12-17
368,368,4 beds,267733.53,4062449.58,hold_and_rent,2025-03-12
369,369,unclassified,103304.84,1368659.72,hold_and_rent,2024-10-24
370,370,unclassified,111456.85,1418675.64,offplan_flip,2024-05-13
371,371,unclassified,4990437.52,51027203.9,offplan_flip,2025-02-11
372,372,unclassified,320382.96,6015909.01,offplan_flip,2024-05-14
373,373,1 bed,264379.38,3846200.95,hold_and_rent,2024-07-18
374,374,unclassified,260957.43,2423268.29,handover_flip,2025-01-18
375,375,unclassified,30844.9,692479.02,offplan_flip,2026-02-25
376,376,unclassified,45108.32,493490.56,hold_and_rent,2024-03-04
377,377,unclassified,535710.0,11300482.77,offplan_flip,2025-05-03
378,378,2 beds,424462.66,4863439.76,hold_and_rent,2025-03-05
379,379,unclassified,627251.66,6062171.86,offplan_flip,2026-01-29
380,380,3 beds,182468.97,3438205.45,offplan_flip,2025-06-19
381,381,unclassified,2031613.59,36262496.52,hold_and_rent,2025-09-10
382,382,unclassified,90700.51,2197203.12,hold_and_rent,2024-07-13
383,383,3 beds,328239.26,3559897.66,offplan_flip,2025-11-29
384,384,unclassified,9683940.11,155861147.51,hold_and_rent,2025-06-13
385,385,unclassified,763289.67,17020163.41,offplan_flip,2024-09-02
386,386,unclassified,6274.89,124932.18,handover_flip,2023-10-16
387,387,unclassified,224432.1,2054339.29,handover_flip,2024-07-04
388,388,unclassified,38918327.41,710088350.06,hold_and_rent,2025-10-12
389,389,unclassified,1708051.15,18344016.72,hold_and_rent,2024-12-02
390,390,unclassified,179092.27,1928521.67,handover_flip,2023-12-27
391,391,unclassified,240575.7,3956556.79,hold_and_rent,2024-12-15
392,392,unclassified,613437.95,12394013.76,hold_and_rent,2025-04-01
393,393,unclassified,254597.07,2938000.21,hold_and_rent,2025-01-01
394,394,5 beds,735934.44,10609179.39,handover_flip,2025-10-18
395,395,2 beds,122087.86,2422799.13,handover_flip,2025-02-25
396,396,2 beds,171001.08,2214868.05,handover_flip,2025-05-25
397,397,unclassified,7771652.76,205204646.59,offplan_flip,2024-09-25
398,398,unclassified,329387.2,2969951.58,handover_flip,2024-10-03
399,399,2 beds,214588.33,2475793.08,offplan_flip,2024-10-17
400,400,unclassified,1509048.29,14851684.51,hold_and_rent,2026-03-15
401,401,5 beds,691491.27,8362995.77,hold_and_rent,2024-07-22
402,402,unclassified,1524815.61,22012832.47,handover_flip,2023-07-29
403,403,unclassified,11285.77,108689.59,handover_flip,2024-05-27
404,404,unclassified,4201759.18,52069497.31,offplan_flip,2024-11-10
405,405,4 beds,1291811.84,11829603.34,offplan_flip,2024-06-27
406,406,unclassified,43726.39,966147.33,handover_flip,2025-06-12
407,407,unclassified,164387.56,1535651.42,handover_flip,2024-04-07
408,408,unclassified,191872.85,2197366.63,hold_and_rent,2024-07-09
409,409,unclassified,38833.31,863659.52,hold_and_rent,2024-01-11
410,410,4 beds,872911.81,7712758.64,offplan_flip,2024-03-03
411,411,unclassified,391744.61,5872848.21,hold_and_rent,2024-08-19
412,412,unclassified,41495.82,551985.56,handover_flip,2026-01-18
413,413,unclassified,25390.38,371021.49,offplan_flip,2025-10-29
414,414,unclassified,163968.92,1673547.19,hold_and_rent,2025-06-27
415,415,unclassified,797065.31,13894208.67,handover_flip,2024-09-30
416,416,unclassified,64085.7,1194096.75,offplan_flip,2023-10-03
417,417,unclassified,399347.11,5018925.45,handover_flip,2024-02-11
418,418,2 beds,273467.08,2397878.36,handover_flip,2024-03-05
419,419,unclassified,329579.45,3989601.52,handover_flip,2025-02-14
420,420,unclassified,25654.72,657942.17,handover_flip,2024-10-26
421,421,4 beds,227142.05,4657396.39,hold_and_rent,2025-12-24
422,422,unclassified,149192.43,2883408.87,handover_flip,2025-09-07
423,423,unclassified,38047.73,909492.07,hold_and_rent,2025-01-13
424,424,unclassified,62136.09,805284.68,handover_flip,2024-06-24
425,425,unclassified,17012.29,401247.04,hold_and_rent,2025-10-06
426,426,unclassified,70990.56,1374513.57,handover_flip,2024-05-08
427,427,unclassified,141027.93,2395343.86,handover_flip,2024-02-21
428,428,unclassified,4560672.18,107781422.58,offplan_flip,2025-01-12
429,429,unclassified,8032356.81,87986450.25,handover_flip,2024-10-29
430,430,unclassified,8928.69,88432.55,hold_and_rent,2025-12-29
431,431,unclassified,2048780.54,25203813.73,hold_and_rent,2024-01-05
432,432,6+ beds,1261068.29,18058741.16,offplan_flip,2025-02-05
433,433,unclassified,327620.12,5977410.16,hold_and_rent,2024-11-06
434,434,unclassified,4902428.24,49915039.16,handover_flip,2025-02-22
435,435,unclassified,4366546.58,60884308.41,hold_and_rent,2025-03-02
436,436,unclassified,131559.95,1440011.07,handover_flip,2024-10-09
437,437,unclassified,126092.73,2853691.56,offplan_flip,2025-04-28
438,438,unclassified,626225.7,6770864.58,offplan_flip,2024-07-03
439,439,unclassified,454093.2,10385322.54,offplan_flip,2024-05-04
440,440,2 beds,130131.31,2345992.27,offplan_flip,2024-12-27
441,441,unclassified,103942.11,2352054.29,offplan_flip,2024-04-05
442,442,unclassified,389974.83,3583908.5,offplan_flip,2023-08-24
443,443,unclassified,46109.84,483818.28,hold_and_rent,2024-04-24
444,444,unclassified,107899.45,2179427.49,hold_and_rent,2024-11-05
445,445,unclassified,244453.39,2727848.23,hold_and_rent,2024-11-13
446,446,unclassified,21061.82,197805.19,offplan_flip,2024-07-11
447,447,6+ beds,584042.57,6006230.37,hold_and_rent,2024-04-16
448,448,unclassified,1744925.01,30229847.0,handover_flip,2024-11-01
449,449,unclassified,51300.19,1171377.13,handover_flip,2025-06-12
450,450,unclassified,130958.96,2139771.14,offplan_flip,2024-08-20
451,451,unclassified,149915.8,2850672.86,handover_flip,2025-10-31
452,452,unclassified,336319.96,5012062.94,offplan_flip,2024-09-03
453,453,unclassified,303012.02,2841544.98,handover_flip,2025-11-14
454,454,unclassified,11391.35,186738.47,offplan_flip,2026-02-09
455,455,unclassified,141738.34,1582120.68,hold_and_rent,2024-08-22
456,456,unclassified,22482.98,250470.58,offplan_flip,2024-11-28
457,457,unclassified,1893684.93,22662569.38,hold_and_rent,2025-05-06
458,458,unclassified,63557.26,1109690.66,offplan_flip,2024-03-10
459,459,unclassified,718233.53,6735700.82,offplan_flip,2026-01-21
460,460,unclassified,492648.47,4578688.08,handover_flip,2026-03-11
461,461,unclassified,139455222.69,1349963813.99,hold_and_rent,2024-02-16
462,462,unclassified,1728288.46,21586802.24,hold_and_rent,2025-07-23
463,463,unclassified,230603.21,3856225.66,handover_flip,2024-09-25
464,464,unclassified,442056.51,4736440.49,handover_flip,2025-02-21
465,465,unclassified,35164.58,747302.91,handover_flip,2025-05-07
466,466,unclassified,742201.09,6407112.73,hold_and_rent,2024-08-29
467,467,unclassified,715338.44,12972518.26,hold_and_rent,2024-10-08
468,468,unclassified,33695.39,896073.56,offplan_flip,2025-03-31
469,469,unclassified,131580.98,2756495.02,offplan_flip,2024-03-26
470,470,unclassified,92886.63,1546253.4,hold_and_rent,2024-09-20
471,471,unclassified,281867.71,3323001.98,offplan_flip,2025-03-01
472,472,2 beds,190733.74,3112422.18,offplan_flip,2025-01-15
473,473,unclassified,320990.36,6930023.49,offplan_flip,2023-12-07
474,474,unclassified,123650.11,1169417.95,offplan_flip,2024-08-21
475,475,unclassified,242113.71,2895770.17,handover_flip,2025-02-27
476,476,5 beds,222872.52,4549389.86,handover_flip,2025-04-23
477,477,unclassified,36750.82,498313.85,offplan_flip,2025-02-21
478,478,unclassified,8151.34,92939.32,handover_flip,2024-04-14
479,479,unclassified,26651.33,533803.36,hold_and_rent,2025-10-06
480,480,unclassified,46623.89,1040630.42,offplan_flip,2025-02-23
481,481,unclassified,201616.93,3374011.16,handover_flip,2025-03-31
482,482,unclassified,7886.94,123891.82,hold_and_rent,2025-01-17
483,483,unclassified,60952.3,612140.21,handover_flip,2023-10-25
484,484,unclassified,159960.7,1903518.9,hold_and_rent,2024-02-15
485,485,3 beds,558562.16,6644195.69,hold_and_rent,2023-11-29
486,486,unclassified,764194.7,7463157.59,handover_flip,2024-11-21
487,487,unclassified,4687425.58,107267622.65,offplan_flip,2024-08-29
488,488,unclassified,1096173.01,11640193.1,offplan_flip,2024-05-09
489,489,unclassified,149454.94,1948816.07,hold_and_rent,2026-02-01
490,490,unclassified,83424.39,1342728.05,handover_flip,2024-09-21
491,491,unclassified,19411.14,374011.02,offplan_flip,2024-10-21
492,492,unclassified,141241.71,1464953.75,hold_and_rent,2025-05-06
493,493,unclassified,237680.48,2517413.67,hold_and_rent,2025-08-15
494,494,2 beds,238848.65,4335281.85,handover_flip,2025-11-23
495,495,unclassified,682193.34,6949289.12,hold_and_rent,2024-11-16
496,496,unclassified,308858.05,5190230.67,handover_flip,2024-09-19
497,497,unclassified,30134.09,410513.43,hold_and_rent,2024-08-08
498,498,unclassified,35432.84,296051.16,handover_flip,2024-05-25
499,499,6+ beds,597860.35,5200539.7,hold_and_rent,2024-03-12
500,500,unclassified,308309.82,5784638.57,offplan_flip,2023-10-01
501,501,unclassified,3045193.86,29567187.0,offplan_flip,2026-02-08
502,502,unclassified,3919683.44,39440875.25,hold_and_rent,2023-07-21
503,503,unclassified,1561882.3,17846115.76,hold_and_rent,2024-03-31
504,504,4 beds,625972.79,10624174.61,hold_and_rent,2024-08-09
505,505,unclassified,1442418.88,27938340.04,offplan_flip,2025-10-23
506,506,unclassified,115524.75,927885.36,hold_and_rent,2025-04-27
507,507,unclassified,72334.51,828787.25,handover_flip,2025-04-09
508,508,4 beds,469596.99,8914705.52,offplan_flip,2026-02-18
509,509,unclassified,113239.06,926789.2,handover_flip,2026-04-10
510,510,3 beds,294595.67,3012179.32,handover_flip,2023-10-01
511,511,unclassified,942238.08,9213137.57,handover_flip,2024-06-20
512,512,unclassified,274410.63,2410251.75,handover_flip,2024-06-05
513,513,unclassified,217926.82,2177819.76,handover_flip,2025-05-16
514,514,unclassified,64708.94,1072210.81,offplan_flip,2024-12-10
515,515,unclassified,832361.83,20135545.78,handover_flip,2025-08-24
516,516,unclassified,146001.77,2360283.44,hold_and_rent,2025-11-18
517,517,unclassified,43271.49,993054.15,handover_flip,2025-08-13
518,518,unclassified,16797.5,266238.34,hold_and_rent,2024-08-05
519,519,unclassified,387269.09,8417434.7,handover_flip,2024-09-27
520,520,unclassified,197503.35,2560593.5,handover_flip,2025-03-14
521,521,unclassified,49125.15,783883.71,handover_flip,2023-10-26
522,522,unclassified,249475.99,2347138.43,handover_flip,2025-12-07
523,523,unclassified,351820.55,5549280.94,offplan_flip,2025-05-03
524,524,unclassified,3632855.53,30633563.1,hold_and_rent,2025-10-15
525,525,unclassified,302434.37,2820915.42,handover_flip,2024-08-23
526,526,unclassified,6187991.1,58036919.78,offplan_flip,2024-12-11
527,527,2 beds,421518.66,3482825.76,handover_flip,2025-11-21
528,528,2 beds,443515.9,4376689.55,hold_and_rent,2025-09-24
529,529,unclassified,5879.25,78412.58,offplan_flip,2025-01-23
530,530,unclassified,144236.1,1465821.91,handover_flip,2026-01-12
531,531,unclassified,50730.94,501776.68,offplan_flip,2025-04-19
532,532,unclassified,138203.55,2001593.36,handover_flip,2025-11-07
533,533,unclassified,110816.57,1766427.79,offplan_flip,2023-07-29
534,534,3 beds,252113.54,3604338.76,hold_and_rent,2025-03-14
535,535,unclassified,597231.09,9063014.53,offplan_flip,2023-12-09
536,536,6+ beds,238521.0,5079661.33,handover_flip,2026-01-14
537,537,unclassified,1264564.03,10684017.91,offplan_flip,2025-01-15
538,538,5 beds,442163.32,6599559.1,handover_flip,2023-10-03
539,539,unclassified,323214.25,6243706.33,offplan_flip,2023-10-24
540,540,2 beds,477169.94,4348844.87,handover_flip,2024-10-27
541,541,2 beds,448586.89,6696578.4,hold_and_rent,2023-12-04
542,542,unclassified,2602684.74,22822309.56,handover_flip,2024-04-23
543,543,4 beds,411962.21,4409506.4,hold_and_rent,2026-06-21
544,544,4 beds,590469.52,4783085.62,handover_flip,2025-08-28
545,545,unclassified,656442.96,5971473.06,handover_flip,2025-10-25
546,546,4 beds,830802.6,9586290.96,offplan_flip,2024-10-09
547,547,unclassified,10960.05,179119.8,hold_and_rent,2023-11-25
548,548,unclassified,17291.67,287186.3,handover_flip,2025-01-10
549,549,3 beds,358283.65,3465087.68,hold_and_rent,2024-12-01
550,550,unclassified,119936.18,2993392.66,hold_and_rent,2024-11-15
551,551,unclassified,27675.72,276387.61,offplan_flip,2024-04-07
552,552,unclassified,298981.56,2386947.62,handover_flip,2024-06-12
553,553,unclassified,268872.61,4018678.86,hold_and_rent,2025-03-29
554,554,unclassified,21602.3,214659.9,offplan_flip,2025-04-14
555,555,4 beds,348462.26,3194051.44,hold_and_rent,2024-04-30
556,556,6+ beds,180954.4,3210609.01,hold_and_rent,2024-11-12
557,557,unclassified,3687787.0,43696487.7,offplan_flip,2024-09-29
558,558,unclassified,2779988.14,64360165.14,hold_and_rent,2025-11-06
559,559,2 beds,175475.53,2710012.05,handover_flip,2024-06-04
560,560,unclassified,1063769.92,10638961.51,hold_and_rent,2026-01-06
561,561,unclassified,578904.24,5747610.83,handover_flip,2025-10-08
562,562,unclassified,75090.73,837014.32,handover_flip,2024-01-09
563,563,unclassified,58698.68,1252113.3,hold_and_rent,2024-02-29
564,564,unclassified,244352.78,3401827.65,hold_and_rent,2025-07-26
565,565,unclassified,42819.7,445889.13,offplan_flip,2024-08-23
566,566,unclassified,398597.7,8266614.19,offplan_flip,2024-05-20
567,567,unclassified,496968.68,4909937.4,hold_and_rent,2025-10-26
568,568,unclassified,487110.09,4592000.81,hold_and_rent,2024-07-24
569,569,unclassified,215729.05,2855824.28,handover_flip,2026-05-09
570,570,unclassified,132468.1,1236952.3,hold_and_rent,2024-12-01
571,571,unclassified,769244.55,8433057.43,handover_flip,2023-08-06
572,572,4 beds,331675.49,5922621.58,offplan_flip,2025-11-25
573,573,unclassified,19461.39,197191.94,hold_and_rent,2025-06-03
574,574,unclassified,1215523.56,12301411.95,offplan_flip,2024-09-22
575,575,unclassified,245297.68,2759284.26,offplan_flip,2025-12-19
576,576,unclassified,1317218.61,14520387.12,handover_flip,2024-07-14
577,577,unclassified,1429820.25,17104739.84,hold_and_rent,2024-11-23
578,578,unclassified,790326.13,16442612.28,handover_flip,2024-12-04
579,579,unclassified,1783396.59,15045053.67,offplan_flip,2024-10-22
580,580,unclassified,66290.84,591108.73,handover_flip,2025-06-10
581,581,unclassified,83511.89,1335877.06,hold_and_rent,2024-08-10
582,582,unclassified,105721.58,2167186.81,hold_and_rent,2024-09-19
583,583,unclassified,199820.13,1915300.4,handover_flip,2024-12-27
584,584,6+ beds,141788.04,3420926.69,handover_flip,2024-05-19
585,585,unclassified,1005234.23,12557668.9,hold_and_rent,2024-11-10
586,586,unclassified,260317.11,2794387.06,hold_and_rent,2023-08-05
587,587,unclassified,567002.85,6424981.72,hold_and_rent,2024-09-07
588,588,unclassified,2559.69,23534.9,offplan_flip,2024-04-19
589,589,unclassified,31525.7,321329.16,offplan_flip,2023-09-30
590,590,unclassified,406711.78,3434601.16,handover_flip,2023-10-08
591,591,unclassified,2265243.79,27660140.53,hold_and_rent,2024-10-09
592,592,unclassified,1205.02,27686.14,handover_flip,2023-12-17
593,593,unclassified,59394.29,583479.63,hold_and_rent,2024-05-01
594,594,unclassified,28033.72,464465.06,offplan_flip,2023-08-16
595,595,unclassified,6808.21,155465.11,handover_flip,2023-08-26
596,596,unclassified,186094.27,2871503.53,handover_flip,2025-07-01
597,597,unclassified,245583.92,6155478.91,handover_flip,2024-09-13
598,598,unclassified,33153.5,313249.38,offplan_flip,2024-03-06
599,599,unclassified,81227.37,768639.01,hold_and_rent,2025-08-24
600,600,unclassified,1078960.69,9913958.2,hold_and_rent,2023-12-31
601,601,unclassified,20884942.06,492361021.91,offplan_flip,2024-12-25
602,602,unclassified,365797.98,4967626.86,offplan_flip,2024-07-25
603,603,6+ beds,946636.3,10091805.41,hold_and_rent,2024-03-02
604,604,unclassified,591824.4,10704500.61,handover_flip,2026-02-16
605,605,unclassified,41678.16,568281.04,offplan_flip,2024-02-22
606,606,unclassified,19908.71,404610.72,handover_flip,2024-03-16
607,607,unclassified,566999.06,5724663.92,handover_flip,2024-03-17
608,608,unclassified,16306.67,369634.95,hold_and_rent,2023-07-09
609,609,unclassified,155859.01,1644725.09,handover_flip,2024-04-19
610,610,unclassified,72543.18,593882.24,hold_and_rent,2026-01-09
611,611,4 beds,6339.88,94241.47,offplan_flip,2023-09-13
612,612,unclassified,478258.2,6810083.73,handover_flip,2025-06-17
613,613,unclassified,134639.16,1827830.7,hold_and_rent,2024-05-01
614,614,4 beds,1023944.58,8641101.16,hold_and_rent,2024-09-06
615,615,unclassified,1115279.36,9659909.21,hold_and_rent,2025-03-12
616,616,unclassified,470649.1,7641371.24,handover_flip,2024-05-04
617,617,unclassified,8741417.82,94280662.91,offplan_flip,2025-07-27
618,618,unclassified,286515.23,2663435.2,handover_flip,2024-10-16
619,619,unclassified,1101145.07,8972860.34,offplan_flip,2025-07-24
620,620,unclassified,1163329.69,11425268.31,hold_and_rent,2024-07-01
621,621,unclassified,1016737.48,10889566.46,hold_and_rent,2025-04-27
622,622,6+ beds,561155.68,5814170.11,hold_and_rent,2024-04-27
623,623,unclassified,95681704.25,1755451867.79,offplan_flip,2026-05-04
624,624,unclassified,284169.57,2608325.16,handover_flip,2025-04-06
625,625,unclassified,8427492.39,82574738.21,offplan_flip,2026-01-29
626,626,unclassified,160500.13,3071370.76,hold_and_rent,2023-08-19
627,627,maxi (over 1000 sqm),9435856.27,100089897.85,hold_and_rent,2025-11-19
628,628,unclassified,91068.21,1654768.23,handover_flip,2024-02-20
629,629,unclassified,225683.57,5181971.4,hold_and_rent,2025-06-24
630,630,unclassified,115349.01,2024084.66,offplan_flip,2025-04-11
631,631,4 beds,510528.03,7961971.73,offplan_flip,2026-03-26
632,632,unclassified,107440.31,2453034.62,handover_flip,2024-11-16
633,633,3 beds,110990.6,1579354.38,hold_and_rent,2024-10-06
634,634,3 beds,328796.14,3655294.86,hold_and_rent,2024-08-08
635,635,unclassified,370444.38,4231594.86,handover_flip,2024-09-23
636,636,unclassified,1049477.81,9511218.59,offplan_flip,2024-07-07
637,637,unclassified,186296.32,2234841.83,hold_and_rent,2023-11-11
638,638,unclassified,222613.5,4189996.94,offplan_flip,2024-04-27
639,639,6+ beds,334097.68,6628554.6,handover_flip,2025-08-28
640,640,unclassified,559077.87,6628081.21,offplan_flip,2024-01-21
641,641,unclassified,317894.61,3457328.14,offplan_flip,2025-01-02
642,642,unclassified,23967.38,371034.09,handover_flip,2025-12-24
643,643,unclassified,120891.9,2545181.19,hold_and_rent,2025-04-04
644,644,6+ beds,746484.35,16375024.74,offplan_flip,2025-03-19
645,645,unclassified,1345383.57,17747666.33,handover_flip,2025-04-27
646,646,unclassified,533770.42,6611831.21,hold_and_rent,2024-06-10
647,647,unclassified,351158.41,3240101.41,offplan_flip,2024-10-21
648,648,unclassified,96784.97,1705405.84,offplan_flip,2023-11-21
649,649,unclassified,972784.29,11355858.05,offplan_flip,2025-08-09
650,650,unclassified,127580.67,3321727.35,hold_and_rent,2024-07-08
651,651,unclassified,220788.51,5141296.34,offplan_flip,2024-08-07
652,652,unclassified,84634.24,957419.6,offplan_flip,2025-03-26
653,653,unclassified,728452.16,8102592.12,hold_and_rent,2024-11-02
654,654,6+ beds,268624.06,4331860.09,handover_flip,2025-07-11
655,655,unclassified,5801.15,137370.42,hold_and_rent,2025-05-18
656,656,unclassified,5059871.18,65413870.57,handover_flip,2025-02-17
657,657,6+ beds,4538.39,62472.31,handover_flip,2026-04-13
658,658,unclassified,1334323.46,17327665.95,handover_flip,2024-10-17
659,659,2 beds,146786.48,2940343.05,hold_and_rent,2025-02-23
660,660,4 beds,373551.62,5949430.85,handover_flip,2024-07-24
661,661,unclassified,274356.71,2409606.99,hold_and_rent,2026-01-24
662,662,unclassified,2361384.41,19747583.17,handover_flip,2024-02-11
663,663,unclassified,105728.28,2088508.17,hold_and_rent,2024-09-01
664,664,unclassified,463483.11,5098195.72,hold_and_rent,2025-10-17
665,665,unclassified,73875.45,930860.31,hold_and_rent,2024-05-04
666,666,unclassified,94699.12,1818808.52,hold_and_rent,2025-08-21
667,667,unclassified,29495.86,262516.28,offplan_flip,2024-11-19
668,668,unclassified,10493.14,198008.56,offplan_flip,2023-08-07
669,669,unclassified,1087.52,22002.55,handover_flip,2024-11-15
670,670,unclassified,3788.41,63282.79,offplan_flip,2024-10-06
671,671,unclassified,78265187.31,761785176.98,offplan_flip,2024-12-31
672,672,unclassified,99416.52,1005098.67,offplan_flip,2025-07-31
673,673,3 beds,380670.75,5592418.61,handover_flip,2025-07-13
674,674,1 bed,104135.47,812019.11,hold_and_rent,2026-01-03
675,675,unclassified,2460656.69,23304039.34,handover_flip,2025-02-20
676,676,6+ beds,595739.21,8449852.59,hold_and_rent,2023-12-05
677,677,unclassified,444001.02,6157601.14,handover_flip,2024-10-08
678,678,unclassified,2017010.68,18078195.34,handover_flip,2025-08-20
679,679,unclassified,112640.03,1882226.99,handover_flip,2024-08-01
680,680,unclassified,649687.14,5532261.52,hold_and_rent,2025-07-13
681,681,unclassified,539023.96,6277872.26,offplan_flip,2025-09-26
682,682,unclassified,1233113.02,11828919.21,handover_flip,2025-02-25
683,683,unclassified,510646.49,5784484.15,handover_flip,2023-10-09
684,684,4 beds,371023.85,6601767.56,hold_and_rent,2025-07-10
685,685,unclassified,2207092.64,17928663.57,hold_and_rent,2025-04-20
686,686,2 beds,459705.39,4321052.38,handover_flip,2023-08-31
687,687,unclassified,110590.2,2024177.46,handover_flip,2025-04-07
688,688,unclassified,89804.0,1214769.12,offplan_flip,2024-11-01
689,689,unclassified,8592.33,129823.77,handover_flip,2024-09-30
690,690,unclassified,928933.42,17468785.38,hold_and_rent,2024-02-02
691,691,unclassified,543682.56,4493773.43,hold_and_rent,2025-03-02
692,692,unclassified,335453.63,3570762.8,offplan_flip,2024-08-19
693,693,5 beds,921584.1,8559069.42,handover_flip,2025-03-05
694,694,unclassified,779005.15,6696271.14,offplan_flip,2025-01-28
695,695,unclassified,147210.09,2336748.37,offplan_flip,2023-09-08
696,696,unclassified,140649.16,2687881.32,hold_and_rent,2024-01-28
697,697,unclassified,167400.64,2714441.68,hold_and_rent,2024-02-06
698,698,unclassified,7857621.59,102319992.94,offplan_flip,2024-05-31
699,699,unclassified,458029.44,5439446.65,offplan_flip,2025-03-01
700,700,unclassified,166760.48,2979762.01,offplan_flip,2024-04-08
701,701,unclassified,80500.71,2001150.76,offplan_flip,2024-11-09
702,702,unclassified,3491413.58,38059731.57,hold_and_rent,2025-03-12
703,703,unclassified,2291149.55,23035022.76,offplan_flip,2024-10-19
704,704,3 beds,225089.8,2835138.71,hold_and_rent,2024-07-25
705,705,unclassified,494088.85,8245859.33,offplan_flip,2023-07-15
706,706,unclassified,727759.77,11007606.92,handover_flip,2025-02-27
707,707,5 beds,783688.84,10519550.82,hold_and_rent,2025-05-26
708,708,unclassified,161803.06,3541582.44,offplan_flip,2024-12-24
709,709,unclassified,50466.55,733238.44,handover_flip,2024-08-21
710,710,unclassified,326462.44,5107234.81,offplan_flip,2025-09-03
711,711,4 beds,341190.9,7478640.54,hold_and_rent,2024-10-23
712,712,unclassified,356791.23,3339071.22,hold_and_rent,2023-09-03
713,713,5 beds,131284.4,3608677.66,handover_flip,2025-10-01
714,714,unclassified,592342.37,7108293.78,handover_flip,2025-12-06
715,715,5 beds,310767.82,4162816.27,hold_and_rent,2023-10-19
716,716,unclassified,34609.63,460850.62,handover_flip,2025-11-26
717,717,unclassified,134326.76,2430736.13,offplan_flip,2026-03-20
718,718,3 beds,262577.23,4310053.12,offplan_flip,2026-05-04
719,719,unclassified,1208103.44,22692956.13,hold_and_rent,2025-05-03
720,720,unclassified,734956.02,5867375.89,handover_flip,2024-07-30
721,721,unclassified,293150.53,3152343.89,offplan_flip,2025-11-01
722,722,unclassified,171017.78,1492859.31,handover_flip,2024-09-08
723,723,unclassified,813967.21,9278784.21,hold_and_rent,2023-10-18
724,724,unclassified,274476.7,2509542.81,handover_flip,2024-09-26
725,725,unclassified,698022.33,9131232.67,offplan_flip,2023-09-20
726,726,unclassified,95823.35,904856.71,handover_flip,2025-03-13
727,727,unclassified,21215.48,553094.87,offplan_flip,2024-09-04
728,728,5 beds,440124.9,4880774.88,offplan_flip,2024-04-06
729,729,unclassified,57254.01,1051777.09,hold_and_rent,2025-01-11
730,730,5 beds,223466.1,3282020.61,hold_and_rent,2024-05-27
731,731,unclassified,10918.67,236603.04,handover_flip,2026-03-02
732,732,unclassified,476663.62,3694166.52,hold_and_rent,2024-04-26
733,733,unclassified,295434.84,2503453.98,handover_flip,2024-11-28
734,734,unclassified,82245.21,807357.82,hold_and_rent,2025-09-12
735,735,unclassified,298764.55,3736914.45,offplan_flip,2023-10-25
736,736,unclassified,31705.86,287738.07,hold_and_rent,2025-01-14
737,737,6+ beds,289461.61,4609144.21,hold_and_rent,2025-02-04
738,738,unclassified,248490.73,2547085.44,handover_flip,2024-10-04
739,739,unclassified,1492485.7,14477302.03,offplan_flip,2025-08-26
740,740,unclassified,237210.16,2124094.07,handover_flip,2025-10-06
741,741,unclassified,4255248.59,46909651.96,handover_flip,2025-08-28
742,742,unclassified,8245.86,124161.54,hold_and_rent,2024-10-04
743,743,unclassified,268851.81,3971600.41,handover_flip,2025-09-09
744,744,unclassified,14039.22,199423.4,handover_flip,2024-03-17
745,745,unclassified,142346.02,2399593.99,handover_flip,2024-12-02
746,746,unclassified,36363.48,584149.49,hold_and_rent,2025-10-27
747,747,unclassified,220689.72,2634106.4,offplan_flip,2023-10-01
748,748,unclassified,817227.95,9240876.63,offplan_flip,2024-10-02
749,749,unclassified,211148.59,3278000.19,handover_flip,2024-10-05
750,750,5 beds,112099.0,1396775.02,hold_and_rent,2025-07-15
751,751,unclassified,23653.89,555890.38,offplan_flip,2025-01-19
752,752,unclassified,545721.28,7748175.31,offplan_flip,2025-06-01
753,753,unclassified,162025.86,1925100.96,hold_and_rent,2024-11-01
754,754,unclassified,664743.06,8047324.89,handover_flip,2024-06-26
755,755,unclassified,17807447.86,180318408.27,hold_and_rent,2025-09-05
756,756,unclassified,1484634.17,11776493.09,hold_and_rent,2024-08-20
757,757,unclassified,12524.0,207340.33,handover_flip,2026-03-05
758,758,unclassified,562262.61,6735087.42,handover_flip,2025-06-24
759,759,unclassified,457985.09,8511633.2,offplan_flip,2025-02-10
760,760,unclassified,470624.61,11622315.66,hold_and_rent,2025-02-01
761,761,unclassified,340649.07,4701420.83,offplan_flip,2026-05-02
762,762,unclassified,19717.44,242838.83,handover_flip,2024-02-14
763,763,unclassified,156974.58,2453644.98,offplan_flip,2025-06-22
764,764,3 beds,273635.44,2698059.67,hold_and_rent,2025-07-10
765,765,3 beds,454332.31,7294467.3,offplan_flip,2025-04-10
766,766,5 beds,583752.32,5847148.8,hold_and_rent,2024-02-16
767,767,2 beds,76995.86,994926.51,handover_flip,2026-01-24
768,768,unclassified,27245.97,528111.79,hold_and_rent,2026-03-19
769,769,unclassified,579222.6,10890972.19,hold_and_rent,2026-01-20
770,770,unclassified,2418092.52,23534384.62,offplan_flip,2026-03-14
771,771,unclassified,341539.91,3885250.23,hold_and_rent,2025-03-29
772,772,unclassified,73146.34,635443.21,offplan_flip,2024-12-30
773,773,3 beds,400939.71,3952798.87,handover_flip,2025-05-11
774,774,unclassified,252686.83,6083538.47,handover_flip,2025-06-23
775,775,unclassified,14354309.39,128609228.06,offplan_flip,2024-12-31
776,776,3 beds,263837.77,2742103.23,offplan_flip,2026-01-29
777,777,unclassified,109211.97,1804516.81,hold_and_rent,2024-08-13
778,778,unclassified,8887.85,100220.57,offplan_flip,2023-11-22
779,779,unclassified,3818604.71,39187664.75,hold_and_rent,2024-04-08
780,780,4 beds,342648.68,4855008.82,offplan_flip,2023-10-01
781,781,unclassified,883562.61,8409040.41,hold_and_rent,2024-12-24
782,782,1 bed,138874.5,1318731.29,offplan_flip,2024-07-19
783,783,3 beds,251023.23,2523850.23,handover_flip,2023-10-07
784,784,unclassified,646219.11,7261916.04,handover_flip,2023-12-08
785,785,5 beds,717161.59,7867223.44,handover_flip,2024-05-14
786,786,unclassified,154609.22,1707124.09,hold_and_rent,2024-05-27
787,787,1 bed,47304.83,774792.9,hold_and_rent,2025-03-01
788,788,unclassified,52363.86,1310492.88,offplan_flip,2022-08-22
789,789,4 beds,426541.19,4957298.95,offplan_flip,2022-12-08
790,790,unclassified,150049.15,2557839.32,hold_and_rent,2022-08-19
791,791,unclassified,612906.75,7135473.6,hold_and_rent,2023-09-21
792,792,unclassified,8037950.67,63973046.78,handover_flip,2024-09-25
793,793,unclassified,250980.36,2627267.35,hold_and_rent,2024-09-06
794,794,unclassified,163711.21,2344728.26,handover_flip,2025-03-12
795,795,2 beds,263282.75,3086289.44,handover_flip,2024-08-27
796,796,unclassified,95515.93,1787561.67,handover_flip,2024-02-05
797,797,unclassified,587682.63,6214064.3,hold_and_rent,2022-10-24
798,798,unclassified,1451551.25,21934778.29,handover_flip,2024-09-12
799,799,2 beds,158097.86,3707878.33,offplan_flip,2024-04-15
800,800,unclassified,170199.36,3027873.51,hold_and_rent,2024-02-27
801,801,unclassified,287029.28,4893058.85,handover_flip,2024-12-20
802,802,unclassified,2847.12,63988.25,hold_and_rent,2023-05-11
803,803,unclassified,397328.79,9450623.89,offplan_flip,2023-02-10
804,804,unclassified,432890.13,7581517.57,handover_flip,2024-03-04
805,805,studio,89705.14,853267.57,offplan_flip,2022-07-07
806,806,unclassified,154943.67,1846625.16,offplan_flip,2023-05-04
807,807,unclassified,79301.78,1254137.9,offplan_flip,2022-11-17
808,808,5 beds,642479.93,5656477.13,handover_flip,2023-04-22
809,809,unclassified,232712.35,2931857.78,handover_flip,2023-10-30
810,810,unclassified,36677.81,442713.52,offplan_flip,2023-11-21
811,811,studio,63653.46,832540.6,hold_and_rent,2024-09-12
812,812,unclassified,202590.88,3967503.67,offplan_flip,2022-11-09
813,813,unclassified,3710041.94,67959838.55,handover_flip,2024-12-26
814,814,unclassified,208836.76,4419074.57,hold_and_rent,2023-02-20
815,815,unclassified,584115.95,5751551.9,hold_and_rent,2025-01-22
816,816,unclassified,40771.91,472101.87,hold_and_rent,2023-06-27
817,817,unclassified,677909.46,5741137.47,offplan_flip,2024-08-09
818,818,unclassified,4676442.76,61781408.17,hold_and_rent,2023-08-12
819,819,unclassified,34013699.01,314900880.15,handover_flip,2022-07-19
820,820,6+ beds,823646.05,10775225.92,handover_flip,2023-09-17
821,821,6+ beds,26238.62,335615.38,handover_flip,2024-09-11
822,822,unclassified,2945.62,66940.88,hold_and_rent,2024-08-17
823,823,unclassified,13495839.9,291651135.13,hold_and_rent,2023-08-31
824,824,unclassified,1676226.08,17352693.79,handover_flip,2022-10-25
825,825,unclassified,428928.3,9806256.71,handover_flip,2022-07-21
826,826,unclassified,228933.77,3720102.31,handover_flip,2022-12-22
827,827,unclassified,64640.7,1522663.4,hold_and_rent,2023-10-14
828,828,unclassified,2423745.15,28206764.79,hold_and_rent,2024-07-04
829,829,unclassified,645826.69,9084964.57,offplan_flip,2024-09-19
830,830,unclassified,143077.26,1662595.81,offplan_flip,2023-03-06
831,831,6+ beds,625951.86,5619402.24,handover_flip,2024-02-23
832,832,unclassified,746079.01,6814281.2,handover_flip,2023-12-18
833,833,unclassified,143473.38,2799863.83,offplan_flip,2024-08-08
834,834,unclassified,24654.66,541744.97,handover_flip,2023-06-12
835,835,unclassified,35224.93,547797.43,offplan_flip,2023-06-06
836,836,unclassified,150486.24,1486629.49,offplan_flip,2022-09-16
837,837,unclassified,225755.33,2145797.12,hold_and_rent,2022-10-24
838,838,5 beds,203321.75,4377607.66,hold_and_rent,2024-12-03
839,839,unclassified,259306.94,5096390.42,offplan_flip,2024-06-21
840,840,medium (50 to 500 sqm),423049.86,6969512.75,handover_flip,2024-04-20
841,841,unclassified,713107.55,8472625.88,offplan_flip,2023-02-26
842,842,unclassified,300449.22,6486142.2,offplan_flip,2023-11-26
843,843,unclassified,640952.11,5729303.49,handover_flip,2023-01-18
844,844,unclassified,47790.13,579399.46,offplan_flip,2022-12-03
845,845,unclassified,20245.16,382692.46,hold_and_rent,2023-09-15
846,846,unclassified,161759.34,2135868.3,offplan_flip,2024-11-16
847,847,1 bed,189104.04,2543905.49,handover_flip,2024-01-28
848,848,3 beds,157655.76,3549397.78,hold_and_rent,2023-10-02
849,849,unclassified,1783365.26,15691677.3,hold_and_rent,2025-01-28
850,850,unclassified,366455.54,3145311.17,hold_and_rent,2023-05-26
851,851,1 bed,87822.27,1380956.07,hold_and_rent,2024-05-18
852,852,unclassified,16441.45,205872.83,offplan_flip,2024-09-22
853,853,unclassified,39928.92,421403.34,offplan_flip,2024-10-22
854,854,unclassified,529660.27,6209478.46,handover_flip,2024-05-05
855,855,2 beds,179826.25,3213961.13,handover_flip,2024-02-25
856,856,unclassified,43545.89,430083.04,offplan_flip,2023-06-25
857,857,unclassified,195357.33,4895508.03,hold_and_rent,2022-09-13
858,858,unclassified,278890.28,6618794.04,handover_flip,
859,859,unclassified,474777.26,3871344.08,handover_flip,
860,860,unclassified,181435.27,3334474.78,handover_flip,
861,861,unclassified,264277.52,3866610.18,offplan_flip,
862,862,unclassified,209820.4,2051408.39,offplan_flip,
863,863,3 beds,262449.75,3637852.96,handover_flip,
864,864,4 beds,1318802.66,13085998.63,handover_flip,
865,865,unclassified,258001.16,4179116.67,offplan_flip,
866,866,unclassified,32865.33,402086.67,hold_and_rent,
867,867,unclassified,10722076.4,233180679.15,offplan_flip,
868,868,unclassified,3799.14,47946.23,hold_and_rent,
869,869,5 beds,249914.69,3610173.42,hold_and_rent,
870,870,unclassified,13275.38,133340.36,hold_and_rent,
871,871,6+ beds,10789091.6,97984414.37,handover_flip,
872,872,unclassified,54969.24,762201.62,handover_flip,
873,873,unclassified,2161137.85,50572431.2,hold_and_rent,
874,874,unclassified,252057.96,2368554.85,hold_and_rent,
875,875,unclassified,481419.21,5597672.18,hold_and_rent,
876,876,unclassified,307272.46,7261802.19,offplan_flip,
877,877,unclassified,33945.1,310588.38,handover_flip,
878,878,unclassified,6568094.9,57238357.99,hold_and_rent,
879,879,unclassified,243894.48,5147959.49,hold_and_rent,
880,880,6+ beds,362663.39,5172139.23,offplan_flip,
881,881,5 beds,308012.53,6551110.46,handover_flip,
882,882,unclassified,130009.73,2462337.96,hold_and_rent,
883,883,6+ beds,866149.95,8883031.73,handover_flip,
884,884,unclassified,17517765.7,249723813.93,hold_and_rent,
885,885,unclassified,307022.97,4308013.24,offplan_flip,
886,886,unclassified,835250.81,8333002.03,offplan_flip,
887,887,unclassified,321725.85,3072129.31,handover_flip,
888,888,unclassified,11881.35,125940.08,offplan_flip,
889,889,unclassified,14716077.13,265242489.5,handover_flip,
890,890,unclassified,226139.07,5776850.09,hold_and_rent,
891,891,unclassified,57688.65,785580.22,offplan_flip,
892,892,unclassified,753580.05,8929566.33,hold_and_rent,
893,893,unclassified,454667.87,5213933.58,hold_and_rent,
894,894,unclassified,226660.82,5118408.02,offplan_flip,
895,895,unclassified,5871406.83,120500381.59,offplan_flip,
896,896,unclassified,1619555.07,21120911.12,offplan_flip,
897,897,unclassified,27083.65,585599.0,hold_and_rent,
898,898,5 beds,523019.06,5022490.66,handover_flip,
899,899,unclassified,105682.49,2133100.17,handover_flip,
900,900,unclassified,131085.13,1200939.38,hold_and_rent,
901,901,unclassified,2245326.22,32213013.68,hold_and_rent,
902,902,unclassified,3696209.05,58449357.15,hold_and_rent,
903,903,unclassified,696822.37,7177793.35,offplan_flip,
904,904,unclassified,1038128.38,18088823.25,handover_flip,
905,905,unclassified,614960.44,7107793.78,handover_flip,
906,906,unclassified,803298.75,12129980.52,handover_flip,
907,907,unclassified,38811.29,927972.96,handover_flip,
908,908,4 beds,159088.96,2684611.57,handover_flip,
909,909,unclassified,618564.96,6850167.0,handover_flip,
910,910,unclassified,486924.21,8144391.57,hold_and_rent,
911,911,5 beds,345654.02,4165341.18,hold_and_rent,
912,912,unclassified,22026.87,246971.08,offplan_flip,
913,913,unclassified,16258.54,417636.66,hold_and_rent,
914,914,unclassified,350652.83,3302654.87,hold_and_rent,
915,915,unclassified,488390.21,4291552.31,handover_flip,
916,916,6+ beds,1948360.78,24066329.31,offplan_flip,
917,917,unclassified,26235.4,262823.93,handover_flip,
918,918,unclassified,75371.49,1481480.25,offplan_flip,
919,919,unclassified,161673.35,1365486.83,hold_and_rent,
920,920,unclassified,244206.77,3522453.82,hold_and_rent,
921,921,unclassified,9394.05,130323.49,handover_flip,
922,922,5 beds,1154460.67,9681385.42,handover_flip,
923,923,3 beds,328103.01,6331701.55,handover_flip,
924,924,unclassified,471554.47,4458939.19,hold_and_rent,
925,925,5 beds,157181.36,2707973.47,hold_and_rent,
926,926,unclassified,639843.9,6399654.35,hold_and_rent,
927,927,unclassified,560475.98,4791588.01,offplan_flip,
928,928,4 beds,439264.68,4427972.06,handover_flip,
929,929,unclassified,13419.99,133212.27,offplan_flip,
930,930,unclassified,191467.12,1971060.69,hold_and_rent,
931,931,unclassified,20322863.08,385877018.92,hold_and_rent,
932,932,unclassified,44540.09,415304.1,offplan_flip,
933,933,unclassified,135793.43,2978009.26,handover_flip,
934,934,unclassified,303229.81,6391175.89,handover_flip,
935,935,line store,821213.75,7499176.1,hold_and_rent,
936,936,unclassified,100585.27,1360175.76,hold_and_rent,
937,937,unclassified,55476.07,578501.69,hold_and_rent,
938,938,unclassified,790502.08,9258903.49,handover_flip,
939,939,4 beds,504050.62,8160734.75,offplan_flip,
940,940,unclassified,1509884.33,17377800.26,hold_and_rent,
941,941,unclassified,795403.95,9381962.69,hold_and_rent,
942,942,unclassified,4890866.79,93760290.66,offplan_flip,
943,943,unclassified,5093.32,121166.97,handover_flip,
944,944,unclassified,429261.6,4892833.71,hold_and_rent,
945,945,unclassified,183168.75,3822392.03,handover_flip,
946,946,unclassified,871047.55,8046759.69,hold_and_rent,
947,947,unclassified,369279.73,4666437.38,handover_flip,
948,948,unclassified,468713.89,5027425.97,offplan_flip,
949,949,unclassified,89815.38,1413245.34,hold_and_rent,
950,950,unclassified,200303.04,2187484.07,hold_and_rent,
951,951,unclassified,630495.38,5794139.19,hold_and_rent,
952,952,unclassified,118344.71,1140589.13,hold_and_rent,
953,953,unclassified,5541.12,47199.16,hold_and_rent,
954,954,unclassified,7855.85,112786.09,offplan_flip,
955,955,unclassified,290017.52,4928985.69,hold_and_rent,
956,956,unclassified,942690.63,7825087.51,hold_and_rent,
957,957,unclassified,664027.44,9313624.14,handover_flip,
958,958,unclassified,4158587.34,38947832.51,hold_and_rent,
959,959,unclassified,17830.51,250631.09,handover_flip,
960,960,unclassified,418466.35,4027815.98,offplan_flip,
961,961,unclassified,559794.67,6194366.26,handover_flip,
962,962,unclassified,388259.2,3519742.98,handover_flip,
963,963,unclassified,92497.19,1079706.74,offplan_flip,
964,964,unclassified,1142325.53,11662133.99,offplan_flip,
965,965,unclassified,40542.48,484404.04,handover_flip,
966,966,unclassified,742462.07,9106103.42,handover_flip,
967,967,6+ beds,588233.97,6756236.25,offplan_flip,
968,968,unclassified,29060.73,511989.04,offplan_flip,
969,969,unclassified,399302.27,4677058.28,offplan_flip,
970,970,unclassified,251347.92,5551018.11,offplan_flip,
971,971,unclassified,14133866.75,145961225.71,offplan_flip,
972,972,unclassified,6443.07,63965.86,handover_flip,
973,973,unclassified,1889799.99,23855948.95,offplan_flip,
974,974,unclassified,186343.37,2831635.89,hold_and_rent,
975,975,unclassified,470880.34,9641223.91,hold_and_rent,
976,976,unclassified,3075030.82,37349641.8,hold_and_rent,
977,977,unclassified,52442.16,484147.42,hold_and_rent,
978,978,unclassified,5712.83,62765.6,offplan_flip,
979,979,unclassified,4544709.46,53856516.18,hold_and_rent,
980,980,unclassified,3277181.81,66381239.79,handover_flip,
981,981,unclassified,401940.69,3737874.71,hold_and_rent,
982,982,unclassified,353717.85,4279909.72,offplan_flip,
983,983,unclassified,768324.59,13925273.21,hold_and_rent,
984,984,1 bed,327044.97,4532516.23,handover_flip,
985,985,unclassified,80987.55,2097990.89,offplan_flip,
986,986,unclassified,803993.64,13307004.79,offplan_flip,
987,987,unclassified,1577483.01,27357103.77,offplan_flip,
988,988,unclassified,163248.8,2703440.54,hold_and_rent,
989,989,unclassified,892274.66,8843142.05,hold_and_rent,
990,990,unclassified,233274.48,4592246.81,offplan_flip,
991,991,unclassified,536584.66,7116156.42,hold_and_rent,
992,992,unclassified,690493.17,12754639.12,handover_flip,
993,993,unclassified,1608600.49,16690910.27,offplan_flip,
994,994,unclassified,13115.91,186532.79,handover_flip,
995,995,unclassified,25310.26,237945.41,handover_flip,
996,996,unclassified,1514458.13,16148741.26,hold_and_rent,
997,997,unclassified,297201.58,3121317.12,hold_and_rent,
998,998,unclassified,58264.58,466895.8,offplan_flip,
999,999,unclassified,412220.49,9032046.09,handover_flip,
1000,1000,unclassified,83787.63,1332919.17,hold_and_rent,
1001,1001,unclassified,759377.47,6546887.37,handover_flip,
1002,1002,unclassified,1798642.86,31218494.88,hold_and_rent,
1003,1003,unclassified,6040345.4,85489697.86,handover_flip,
1004,1004,unclassified,2922943.03,65756857.68,offplan_flip,
1005,1005,unclassified,330840.43,7227112.47,hold_and_rent,
1006,1006,unclassified,3094162.4,26065849.54,offplan_flip,
1007,1007,unclassified,11129494.95,135049026.49,handover_flip,
1008,1008,unclassified,1211700.96,19661904.21,handover_flip,
1009,1009,unclassified,417458.72,10527579.37,offplan_flip,
1010,1010,unclassified,43901.83,387012.61,handover_flip,
1011,1011,unclassified,646570.11,5233790.11,hold_and_rent,
1012,1012,unclassified,202134.53,2673086.79,hold_and_rent,
1013,1013,unclassified,24616.42,279064.85,handover_flip,
1014,1014,unclassified,139088.19,2414952.42,handover_flip,
1015,1015,unclassified,942431.8,17432989.61,handover_flip,
1016,1016,unclassified,1831471.72,26467025.32,handover_flip,
1017,1017,unclassified,66511.64,742425.96,hold_and_rent,
1018,1018,unclassified,3865591.72,74770015.0,hold_and_rent,
1019,1019,unclassified,32639261.85,545733749.4,handover_flip,
1020,1020,unclassified,135061.61,1290305.7,offplan_flip,
1021,1021,unclassified,15248.52,175625.14,offplan_flip,
1022,1022,5 beds,589590.23,5768303.25,hold_and_rent,
1023,1023,unclassified,624435.2,14596546.52,offplan_flip,
1024,1024,unclassified,41741.53,468172.53,handover_flip,
1025,1025,unclassified,412840.05,5476272.68,offplan_flip,
1026,1026,unclassified,366176.0,7625334.95,hold_and_rent,
1027,1027,unclassified,40499.26,395176.68,handover_flip,
1028,1028,unclassified,38491.82,501176.55,handover_flip,
1029,1029,unclassified,1841557.55,20581727.48,hold_and_rent,
1030,1030,unclassified,3748955.93,85219028.53,offplan_flip,
1031,1031,unclassified,555221.54,5375442.37,hold_and_rent,
1032,1032,unclassified,49676.09,1211912.59,hold_and_rent,
1033,1033,5 beds,98190.93,1700517.29,offplan_flip,
1034,1034,unclassified,94957.86,1760787.57,handover_flip,
1035,1035,unclassified,364457.94,3711554.75,offplan_flip,
1036,1036,unclassified,352440.64,6847287.6,offplan_flip,
1037,1037,unclassified,48285.36,478675.61,handover_flip,
1038,1038,2 beds,77573.6,1325950.33,handover_flip,
1039,1039,2 beds,313868.6,2838582.14,hold_and_rent,
1040,1040,unclassified,18603719.69,411587263.48,offplan_flip,
1041,1041,unclassified,202425.59,2892340.61,handover_flip,
1042,1042,6+ beds,1344080.13,16491423.46,offplan_flip,
1043,1043,5 beds,205861.06,4468263.09,offplan_flip,
1044,1044,unclassified,102595205.26,966201481.46,handover_flip,
1045,1045,5 beds,459220.27,5008028.99,handover_flip,
1046,1046,6+ beds,1385559.71,25216742.82,offplan_flip,
1047,1047,unclassified,55099.66,943749.52,handover_flip,
1048,1048,unclassified,20501.21,248969.83,offplan_flip,
1049,1049,unclassified,25958.28,249798.52,handover_flip,
1050,1050,unclassified,495281.52,4491400.26,hold_and_rent,
1051,1051,unclassified,363322.65,7310988.73,handover_flip,
1052,1052,unclassified,646630.68,6145952.1,offplan_flip,
1053,1053,unclassified,10857.43,110122.87,handover_flip,
1054,1054,unclassified,302992.75,5443933.44,offplan_flip,
1055,1055,unclassified,12942372.87,242501791.25,handover_flip,
1056,1056,unclassified,30790.12,618073.84,offplan_flip,
1057,1057,unclassified,427088.24,4395696.46,offplan_flip,
1058,1058,unclassified,32911.32,456338.58,handover_flip,
1059,1059,unclassified,2333.86,54824.16,offplan_flip,
1060,1060,4 beds,174525.66,1708705.05,hold_and_rent,
1061,1061,unclassified,7335.63,62722.01,hold_and_rent,
1062,1062,unclassified,16622035.57,147501759.97,handover_flip,
1063,1063,unclassified,2269.34,23829.77,offplan_flip,
1064,1064,2 beds,165831.33,1508246.91,offplan_flip,
1065,1065,unclassified,167292.42,2913075.09,offplan_flip,
1066,1066,unclassified,15896335.25,192277485.83,handover_flip,
1067,1067,unclassified,27387.86,308291.29,handover_flip,
1068,1068,5 beds,202792.3,4665059.43,hold_and_rent,
1069,1069,unclassified,96237.67,1910361.97,offplan_flip,
1070,1070,unclassified,791438.11,7711190.63,hold_and_rent,
1071,1071,unclassified,157331.56,1597163.79,handover_flip,
1072,1072,unclassified,194233.58,2710818.45,handover_flip,
1073,1073,unclassified,700263.59,9047981.83,hold_and_rent,
1074,1074,unclassified,298263.73,4071186.94,offplan_flip,
1075,1075,unclassified,41760.4,596720.2,offplan_flip,
1076,1076,3 beds,296943.43,3323411.66,offplan_flip,
1077,1077,unclassified,30031.87,604984.26,handover_flip,
1078,1078,unclassified,3104.58,59820.61,offplan_flip,
1079,1079,unclassified,250145.57,3519713.31,offplan_flip,
1080,1080,unclassified,14677131.71,166417098.09,hold_and_rent,
1081,1081,unclassified,2651661.75,42319634.02,hold_and_rent,
1082,1082,unclassified,31081.19,446328.4,hold_and_rent,
1083,1083,unclassified,21548.7,224497.58,hold_and_rent,
1084,1084,unclassified,105855.98,1108148.4,handover_flip,
1085,1085,4 beds,83042.9,817187.2,offplan_flip,
1086,1086,unclassified,593895.66,12002621.97,handover_flip,
1087,1087,unclassified,271941.12,5083184.22,offplan_flip,
1088,1088,unclassified,214426.87,3606599.62,handover_flip,
1089,1089,unclassified,47766.02,511265.48,offplan_flip,
1090,1090,unclassified,46305.36,691817.63,offplan_flip,
1091,1091,unclassified,181284.38,4168354.44,offplan_flip,
1092,1092,unclassified,124310.95,1492573.15,handover_flip,
1093,1093,5 beds,699314.29,6841732.59,hold_and_rent,
1094,1094,unclassified,255112.57,2606167.53,hold_and_rent,
1095,1095,unclassified,4561.72,82607.93,handover_flip,
1096,1096,unclassified,963882.18,10621678.19,offplan_flip,
1097,1097,unclassified,33604.42,693970.14,offplan_flip,
1098,1098,unclassified,120044.78,1707676.13,handover_flip,
1099,1099,unclassified,376793.36,4482360.49,hold_and_rent,
1100,1100,3 beds,66456.01,529956.07,hold_and_rent,
1101,1101,unclassified,1383.82,17407.59,offplan_flip,
1102,1102,1 bed,233101.97,2593495.98,hold_and_rent,
1103,1103,unclassified,4680223.98,81875125.15,hold_and_rent,
1104,1104,unclassified,4420577.73,76875243.75,hold_and_rent,
1105,1105,unclassified,20314182.84,218898724.46,offplan_flip,
1106,1106,unclassified,2560398.24,68739525.2,hold_and_rent,
1107,1107,unclassified,11553400.74,115488495.48,offplan_flip,
1108,1108,unclassified,797636.8,7322281.8,handover_flip,
1109,1109,unclassified,1372753.84,11781450.98,handover_flip,
1110,1110,unclassified,6620272.88,70684604.05,offplan_flip,
1111,1111,unclassified,3280939.59,66576040.14,hold_and_rent,
1112,1112,unclassified,102480.81,2534383.98,handover_flip,
1113,1113,unclassified,504797.11,8187413.04,offplan_flip,
1114,1114,unclassified,342812.26,5267413.04,hold_and_rent,
1115,1115,unclassified,124319.32,1162035.71,handover_flip,
1116,1116,unclassified,1635140.6,15887179.83,offplan_flip,
1117,1117,unclassified,583902.34,6491526.96,hold_and_rent,
1118,1118,unclassified,13923.02,119633.25,hold_and_rent,
1119,1119,unclassified,28948.46,604938.77,offplan_flip,
1120,1120,unclassified,4789939.63,42870699.97,hold_and_rent,
1121,1121,unclassified,2165613.67,27977187.58,handover_flip,
1122,1122,unclassified,21392884.36,202041032.43,offplan_flip,
1123,1123,unclassified,83322417.93,2007284985.97,hold_and_rent,
1124,1124,unclassified,11321676.59,121433099.34,hold_and_rent,
1125,1125,unclassified,345086.07,8004008.43,hold_and_rent,
1126,1126,unclassified,1052280.24,12215895.3,hold_and_rent,
1127,1127,unclassified,82738.73,775765.85,hold_and_rent,
1128,1128,unclassified,60029334.75,741988043.02,offplan_flip,
1129,1129,unclassified,23327140.17,359395361.42,handover_flip,
1130,1130,unclassified,48407.43,494182.73,handover_flip,
1131,1131,unclassified,208878.49,1891267.51,offplan_flip,
1132,1132,unclassified,166063.44,1961740.33,hold_and_rent,
1133,1133,unclassified,17467.15,212105.35,handover_flip,
1134,1134,unclassified,1474.87,25561.82,handover_flip,
1135,1135,unclassified,19149962.53,394940776.73,handover_flip,
1136,1136,unclassified,47239.72,628029.46,hold_and_rent,
1137,1137,unclassified,290106.21,2600325.53,offplan_flip,
1138,1138,unclassified,4438972.67,45566674.1,handover_flip,
1139,1139,unclassified,6061548.57,62412886.51,offplan_flip,
1140,1140,unclassified,324388.38,5333992.08,handover_flip,
1141,1141,unclassified,87524.4,1045270.97,offplan_flip,
1142,1142,unclassified,12160457.85,231648679.62,hold_and_rent,
1143,1143,unclassified,26819.57,224691.9,hold_and_rent,
1144,1144,unclassified,9820.41,119902.44,hold_and_rent,
1145,1145,unclassified,499851.03,5490768.62,offplan_flip,
1146,1146,unclassified,63629.33,1151228.84,hold_and_rent,
1147,1147,unclassified,1011011.6,23038320.16,hold_and_rent,
1148,1148,unclassified,5184486.11,83576902.56,handover_flip,
1149,1149,unclassified,316173.39,6420518.84,offplan_flip,
1150,1150,6+ beds,325646.42,3232530.4,offplan_flip,
1151,1151,unclassified,3544.34,42818.03,handover_flip,
1152,1152,unclassified,28635.07,249850.75,hold_and_rent,
1153,1153,unclassified,5870.93,130426.66,handover_flip,
1154,1154,unclassified,540177.79,10879490.91,hold_and_rent,
1155,1155,unclassified,7051.88,95798.89,offplan_flip,
1156,1156,unclassified,347741.3,4639476.42,hold_and_rent,
1157,1157,unclassified,44784505.17,354861683.99,handover_flip,
1158,1158,unclassified,619785.22,9989152.15,hold_and_rent,
1159,1159,unclassified,388897.74,5285081.33,handover_flip,
1160,1160,unclassified,1126088.8,10628065.29,hold_and_rent,
1161,1161,unclassified,7158.76,79305.17,offplan_flip,
1162,1162,unclassified,182683.07,1916495.88,offplan_flip,
1163,1163,unclassified,105695.86,920313.02,offplan_flip,
1164,1164,unclassified,43991.23,450125.25,hold_and_rent,
1165,1165,unclassified,22728.22,349464.35,handover_flip,
1166,1166,unclassified,4415181.81,52865899.13,offplan_flip,
1167,1167,unclassified,92173.15,1868939.58,handover_flip,
1168,1168,unclassified,62155.37,807471.12,offplan_flip,
